,index,importance
0,species,0.32771066097939877
1,precip,0.25405450849319644
2,co3,0.08757062897722136
3,p,0.05416307873063364
4,mo,0.03833369993513826
5,random_noise,0.029976023187323737
6,salinity,0.0287176267885363
7,k,0.027637252504860432
8,cn,0.027340017133178053
9,c,0.02416241683872529
10,cl,0.021612070872802865
11,ca,0.021144883015657204
12,na,0.018777197922828365
13,mg,0.017501666936762326
14,ph,0.016254542585928657
15,n,0.005043725097808416
