,index,importance
0,species,0.3267599753056751
1,precip,0.2515836250688178
2,co3,0.09672721148414665
3,c,0.09063175921299751
4,p,0.06656945942212804
5,salinity,0.04878172627530454
6,random_noise,0.04025153646712259
7,ca,0.028303588169842964
8,ph,0.026209207710665133
9,mg,0.024181910883299726
