,index,importance
0,species,0.32658718093047956
1,precip,0.24930006434039448
2,co3,0.10526124713203144
3,c,0.09990326622093984
4,p,0.0725091712756679
5,salinity,0.05951689670274389
6,random_noise,0.051087664688227875
7,ca,0.0358345087095151
