,index,importance
0,species,0.32715832576171966
1,precip,0.2500424873499634
2,co3,0.09871026033171798
3,c,0.09124370110370877
4,p,0.06691526717921095
5,salinity,0.04962492080615616
6,random_noise,0.036083083679336755
7,ca,0.028789061572746168
8,ph,0.027623672244613068
9,mg,0.023809219970827147
