,index,importance
0,species,0.32729404197751116
1,precip,0.25323261325204555
2,co3,0.08619462722014444
3,p,0.054181260086441155
4,mo,0.04112088888737153
5,random_noise,0.03230470873637821
6,salinity,0.029411482951906216
7,cn,0.028541744561367016
8,k,0.026665874826025254
9,cl,0.021637112562717536
10,c,0.021460108118442935
11,ca,0.02083099685962773
12,na,0.018361348701796256
13,ph,0.017431012718494558
14,mg,0.01698595570943288
15,n,0.004346222830297515
